sample,read1,read2,adaptor1,adaptor2,barcode1,barcode2,lineage,reason
Anilios_silvia_J82203_353984,/home/ian/SqCL_Pipeline/Anilios/Anilios_silvia_J82203_353984_R1_concat.fastq.gz,/home/ian/SqCL_Pipeline/Anilios/Anilios_silvia_J82203_353984_R2_concat.fastq.gz,GATCGGAAGAGCACACGTCTGAACTCCAGTCAC*ATCTCGTATGCCGTCTTCTGCTTG,AATGATACGGCGACCACCGAGATCTACAC*ACACTCTTTCCCTACACGACGCTCTTCCGATCT,ACAACCAGCT,TCATCGTACG,Anilios_silvia_J82203,reads <10mb
Anilios_australis_R154969_353916,/home/ian/SqCL_Pipeline/Anilios/Anilios_australis_R154969_353916_R1_concat.fastq.gz,/home/ian/SqCL_Pipeline/Anilios/Anilios_australis_R154969_353916_R2_concat.fastq.gz,GATCGGAAGAGCACACGTCTGAACTCCAGTCAC*ATCTCGTATGCCGTCTTCTGCTTG,AATGATACGGCGACCACCGAGATCTACAC*ACACTCTTTCCCTACACGACGCTCTTCCGATCT,ACCACACGTT,CTGGTTGCCT,Anilios_australis_R154969,reads <10mb
Anilios_wiedii_R154152_353917,/home/ian/SqCL_Pipeline/Anilios/Anilios_wiedii_R154152_353917_R1_concat.fastq.gz,/home/ian/SqCL_Pipeline/Anilios/Anilios_wiedii_R154152_353917_R2_concat.fastq.gz,GATCGGAAGAGCACACGTCTGAACTCCAGTCAC*ATCTCGTATGCCGTCTTCTGCTTG,AATGATACGGCGACCACCGAGATCTACAC*ACACTCTTTCCCTACACGACGCTCTTCCGATCT,CATGTTACAG,TCGGTACCAT,Anilios_wiedii_R154152,reads <10mb
Anilios_ammodytes_R165282_353893,/home/ian/SqCL_Pipeline/Anilios/Anilios_ammodytes_R165282_353893_R1_concat.fastq.gz,/home/ian/SqCL_Pipeline/Anilios/Anilios_ammodytes_R165282_353893_R2_concat.fastq.gz,GATCGGAAGAGCACACGTCTGAACTCCAGTCAC*ATCTCGTATGCCGTCTTCTGCTTG,AATGATACGGCGACCACCGAGATCTACAC*ACACTCTTTCCCTACACGACGCTCTTCCGATCT,TCCAAAGCGG,ATAAACTTAC,Anilios_ammodytes_R165282,reads <10mb
Anilios_nigrescens_R157050_353986,/home/ian/SqCL_Pipeline/Anilios/Anilios_nigrescens_R157050_353986_R1_concat.fastq.gz,/home/ian/SqCL_Pipeline/Anilios/Anilios_nigrescens_R157050_353986_R2_concat.fastq.gz,GATCGGAAGAGCACACGTCTGAACTCCAGTCAC*ATCTCGTATGCCGTCTTCTGCTTG,AATGATACGGCGACCACCGAGATCTACAC*ACACTCTTTCCCTACACGACGCTCTTCCGATCT,CTTCTCGCTG,GCTAACCCAT,Anilios_nigrescens_R157050,reads <10mb
Anilios_affinis_R55645_353941,/home/ian/SqCL_Pipeline/Anilios/Anilios_affinis_R55645_353941_R1_concat.fastq.gz,/home/ian/SqCL_Pipeline/Anilios/Anilios_affinis_R55645_353941_R2_concat.fastq.gz,GATCGGAAGAGCACACGTCTGAACTCCAGTCAC*ATCTCGTATGCCGTCTTCTGCTTG,AATGATACGGCGACCACCGAGATCTACAC*ACACTCTTTCCCTACACGACGCTCTTCCGATCT,ACGCTTCACG,AAGAAGTGAC,Anilios_affinis_R55645,stuck in DCF
Anilios_ammodytes_R102560_353905,/home/ian/SqCL_Pipeline/Anilios/Anilios_ammodytes_R102560_353905_R1_concat.fastq.gz,/home/ian/SqCL_Pipeline/Anilios/Anilios_ammodytes_R102560_353905_R2_concat.fastq.gz,GATCGGAAGAGCACACGTCTGAACTCCAGTCAC*ATCTCGTATGCCGTCTTCTGCTTG,AATGATACGGCGACCACCGAGATCTACAC*ACACTCTTTCCCTACACGACGCTCTTCCGATCT,CTAGTATATA,CCGGGTGAAG,Anilios_ammodytes_R102560,stuck in DCF
Anilios_ammodytes_R124837_353971,/home/ian/SqCL_Pipeline/Anilios/Anilios_ammodytes_R124837_353971_R1_concat.fastq.gz,/home/ian/SqCL_Pipeline/Anilios/Anilios_ammodytes_R124837_353971_R2_concat.fastq.gz,GATCGGAAGAGCACACGTCTGAACTCCAGTCAC*ATCTCGTATGCCGTCTTCTGCTTG,AATGATACGGCGACCACCGAGATCTACAC*ACACTCTTTCCCTACACGACGCTCTTCCGATCT,ACACCCTCGC,GTAAGGCTGA,Anilios_ammodytes_R124837,stuck in DCF
Anilios_broomi_SMZ0364_353959,/home/ian/SqCL_Pipeline/Anilios/Anilios_broomi_SMZ0364_353959_R1_concat.fastq.gz,/home/ian/SqCL_Pipeline/Anilios/Anilios_broomi_SMZ0364_353959_R2_concat.fastq.gz,GATCGGAAGAGCACACGTCTGAACTCCAGTCAC*ATCTCGTATGCCGTCTTCTGCTTG,AATGATACGGCGACCACCGAGATCTACAC*ACACTCTTTCCCTACACGACGCTCTTCCGATCT,TGGCAGGGCG,AGACCCTATA,Anilios_broomi_SMZ0364,stuck in DCF
Anilios_diversus_R157402_353980,/home/ian/SqCL_Pipeline/Anilios/Anilios_diversus_R157402_353980_R1_concat.fastq.gz,/home/ian/SqCL_Pipeline/Anilios/Anilios_diversus_R157402_353980_R2_concat.fastq.gz,GATCGGAAGAGCACACGTCTGAACTCCAGTCAC*ATCTCGTATGCCGTCTTCTGCTTG,AATGATACGGCGACCACCGAGATCTACAC*ACACTCTTTCCCTACACGACGCTCTTCCGATCT,ATTGTGAATA,CGAACATATA,Anilios_diversus_R157402,stuck in DCF
Anilios_hamatus_R127804_353907,/home/ian/SqCL_Pipeline/Anilios/Anilios_hamatus_R127804_353907_R1_concat.fastq.gz,/home/ian/SqCL_Pipeline/Anilios/Anilios_hamatus_R127804_353907_R2_concat.fastq.gz,GATCGGAAGAGCACACGTCTGAACTCCAGTCAC*ATCTCGTATGCCGTCTTCTGCTTG,AATGATACGGCGACCACCGAGATCTACAC*ACACTCTTTCCCTACACGACGCTCTTCCGATCT,TTACACTCGC,GTAGATTAGA,Anilios_hamatus_R127804,stuck in DCF
Anilios_howi_R146381_353978,/home/ian/SqCL_Pipeline/Anilios/Anilios_howi_R146381_353978_R1_concat.fastq.gz,/home/ian/SqCL_Pipeline/Anilios/Anilios_howi_R146381_353978_R2_concat.fastq.gz,GATCGGAAGAGCACACGTCTGAACTCCAGTCAC*ATCTCGTATGCCGTCTTCTGCTTG,AATGATACGGCGACCACCGAGATCTACAC*ACACTCTTTCCCTACACGACGCTCTTCCGATCT,TGGCCGGGAT,CCCAGTCATC,Anilios_howi_R146381,stuck in DCF
Anilios_kimberleyensis_R179997_353985,/home/ian/SqCL_Pipeline/Anilios/Anilios_kimberleyensis_R179997_353985_R1_concat.fastq.gz,/home/ian/SqCL_Pipeline/Anilios/Anilios_kimberleyensis_R179997_353985_R2_concat.fastq.gz,GATCGGAAGAGCACACGTCTGAACTCCAGTCAC*ATCTCGTATGCCGTCTTCTGCTTG,AATGATACGGCGACCACCGAGATCTACAC*ACACTCTTTCCCTACACGACGCTCTTCCGATCT,CAAGATCTGT,TCTACGTTTA,Anilios_kimberleyensis_R179997,stuck in DCF
Anilios_ligatus_R35014_353991,/home/ian/SqCL_Pipeline/Anilios/Anilios_ligatus_R35014_353991_R1_concat.fastq.gz,/home/ian/SqCL_Pipeline/Anilios/Anilios_ligatus_R35014_353991_R2_concat.fastq.gz,GATCGGAAGAGCACACGTCTGAACTCCAGTCAC*ATCTCGTATGCCGTCTTCTGCTTG,AATGATACGGCGACCACCGAGATCTACAC*ACACTCTTTCCCTACACGACGCTCTTCCGATCT,CCGCGTTGAC,ACAGATATGA,Anilios_ligatus_R35014,stuck in DCF
Anilios_margaretae_R163269_353975,/home/ian/SqCL_Pipeline/Anilios/Anilios_margaretae_R163269_353975_R1_concat.fastq.gz,/home/ian/SqCL_Pipeline/Anilios/Anilios_margaretae_R163269_353975_R2_concat.fastq.gz,GATCGGAAGAGCACACGTCTGAACTCCAGTCAC*ATCTCGTATGCCGTCTTCTGCTTG,AATGATACGGCGACCACCGAGATCTACAC*ACACTCTTTCCCTACACGACGCTCTTCCGATCT,GTCGGGTCTT,GACGATTTAG,Anilios_margaretae_R163269,stuck in DCF
Anilios_waitii_R113302_353922,/home/ian/SqCL_Pipeline/Anilios/Anilios_waitii_R113302_353922_R1_concat.fastq.gz,/home/ian/SqCL_Pipeline/Anilios/Anilios_waitii_R113302_353922_R2_concat.fastq.gz,GATCGGAAGAGCACACGTCTGAACTCCAGTCAC*ATCTCGTATGCCGTCTTCTGCTTG,AATGATACGGCGACCACCGAGATCTACAC*ACACTCTTTCCCTACACGACGCTCTTCCGATCT,AGGGAACAAC,CATTTAAGTG,Anilios_waitii_R113302,stuck in DCF