sample,read1,read2,adaptor1,adaptor2,barcode1,barcode2,lineage
Anilios_bituberculatus_R44731_353863,/home/putter/SqCL_Pipeline/blindsnake/Anilios_bituberculatus_R44731_353863_R1_concat.fastq.gz,/home/putter/SqCL_Pipeline/blindsnake/Anilios_bituberculatus_R44731_353863_R2_concat.fastq.gz,GATCGGAAGAGCACACGTCTGAACTCCAGTCAC*ATCTCGTATGCCGTCTTCTGCTTG,AATGATACGGCGACCACCGAGATCTACAC*ACACTCTTTCCCTACACGACGCTCTTCCGATCT,CCTGGCTGGA,ACCAGGGACG,Anilios_bituberculatus_R44731
Anilios_guentheri_R16488_353864,/home/putter/SqCL_Pipeline/blindsnake/Anilios_guentheri_R16488_353864_R1_concat.fastq.gz,/home/putter/SqCL_Pipeline/blindsnake/Anilios_guentheri_R16488_353864_R2_concat.fastq.gz,GATCGGAAGAGCACACGTCTGAACTCCAGTCAC*ATCTCGTATGCCGTCTTCTGCTTG,AATGATACGGCGACCACCGAGATCTACAC*ACACTCTTTCCCTACACGACGCTCTTCCGATCT,GAATATTAAT,GACCCTACTT,Anilios_guentheri_R16488
Anilios_nigrescens_J83805_353865,/home/putter/SqCL_Pipeline/blindsnake/Anilios_nigrescens_J83805_353865_R1_concat.fastq.gz,/home/putter/SqCL_Pipeline/blindsnake/Anilios_nigrescens_J83805_353865_R2_concat.fastq.gz,GATCGGAAGAGCACACGTCTGAACTCCAGTCAC*ATCTCGTATGCCGTCTTCTGCTTG,AATGATACGGCGACCACCGAGATCTACAC*ACACTCTTTCCCTACACGACGCTCTTCCGATCT,CTGCCCGTGG,AACTACCGTA,Anilios_nigrescens_J83805
Anilios_pilbarensis_R108813_353866,/home/putter/SqCL_Pipeline/blindsnake/Anilios_pilbarensis_R108813_353866_R1_concat.fastq.gz,/home/putter/SqCL_Pipeline/blindsnake/Anilios_pilbarensis_R108813_353866_R2_concat.fastq.gz,GATCGGAAGAGCACACGTCTGAACTCCAGTCAC*ATCTCGTATGCCGTCTTCTGCTTG,AATGATACGGCGACCACCGAGATCTACAC*ACACTCTTTCCCTACACGACGCTCTTCCGATCT,GCCGTGAGCT,ACAAGGGCAT,Anilios_pilbarensis_R108813
Anilios_leptosoma_R119241_353867,/home/putter/SqCL_Pipeline/blindsnake/Anilios_leptosoma_R119241_353867_R1_concat.fastq.gz,/home/putter/SqCL_Pipeline/blindsnake/Anilios_leptosoma_R119241_353867_R2_concat.fastq.gz,GATCGGAAGAGCACACGTCTGAACTCCAGTCAC*ATCTCGTATGCCGTCTTCTGCTTG,AATGATACGGCGACCACCGAGATCTACAC*ACACTCTTTCCCTACACGACGCTCTTCCGATCT,AGGATCGGGC,TTACCTTCAG,Anilios_leptosoma_R119241
Anilios_ammodytes_R139430_353868,/home/putter/SqCL_Pipeline/blindsnake/Anilios_ammodytes_R139430_353868_R1_concat.fastq.gz,/home/putter/SqCL_Pipeline/blindsnake/Anilios_ammodytes_R139430_353868_R2_concat.fastq.gz,GATCGGAAGAGCACACGTCTGAACTCCAGTCAC*ATCTCGTATGCCGTCTTCTGCTTG,AATGATACGGCGACCACCGAGATCTACAC*ACACTCTTTCCCTACACGACGCTCTTCCGATCT,CACTCAGAAA,AGCTGTGTTA,Anilios_ammodytes_R139430
Anilios_ammodytes_R158097_353869,/home/putter/SqCL_Pipeline/blindsnake/Anilios_ammodytes_R158097_353869_R1_concat.fastq.gz,/home/putter/SqCL_Pipeline/blindsnake/Anilios_ammodytes_R158097_353869_R2_concat.fastq.gz,GATCGGAAGAGCACACGTCTGAACTCCAGTCAC*ATCTCGTATGCCGTCTTCTGCTTG,AATGATACGGCGACCACCGAGATCTACAC*ACACTCTTTCCCTACACGACGCTCTTCCGATCT,GCTTCGCAAC,GACCTGGCAC,Anilios_ammodytes_R158097
Indotyphlops_braminus_R22902_353870,/home/putter/SqCL_Pipeline/blindsnake/Indotyphlops_braminus_R22902_353870_R1_concat.fastq.gz,/home/putter/SqCL_Pipeline/blindsnake/Indotyphlops_braminus_R22902_353870_R2_concat.fastq.gz,GATCGGAAGAGCACACGTCTGAACTCCAGTCAC*ATCTCGTATGCCGTCTTCTGCTTG,AATGATACGGCGACCACCGAGATCTACAC*ACACTCTTTCCCTACACGACGCTCTTCCGATCT,TATAATTGTA,GTAGACTGAT,Indotyphlops_braminus_R22902
Anilios_ligatus_R31019_353871,/home/putter/SqCL_Pipeline/blindsnake/Anilios_ligatus_R31019_353871_R1_concat.fastq.gz,/home/putter/SqCL_Pipeline/blindsnake/Anilios_ligatus_R31019_353871_R2_concat.fastq.gz,GATCGGAAGAGCACACGTCTGAACTCCAGTCAC*ATCTCGTATGCCGTCTTCTGCTTG,AATGATACGGCGACCACCGAGATCTACAC*ACACTCTTTCCCTACACGACGCTCTTCCGATCT,ACGTGACGGC,CGTAATTGGA,Anilios_ligatus_R31019
Anilios_diversus_R19058_353872,/home/putter/SqCL_Pipeline/blindsnake/Anilios_diversus_R19058_353872_R1_concat.fastq.gz,/home/putter/SqCL_Pipeline/blindsnake/Anilios_diversus_R19058_353872_R2_concat.fastq.gz,GATCGGAAGAGCACACGTCTGAACTCCAGTCAC*ATCTCGTATGCCGTCTTCTGCTTG,AATGATACGGCGACCACCGAGATCTACAC*ACACTCTTTCCCTACACGACGCTCTTCCGATCT,AACACCCAAT,AGGGTCTTCA,Anilios_diversus_R19058
Anilios_nigrescens_J86646_353873,/home/putter/SqCL_Pipeline/blindsnake/Anilios_nigrescens_J86646_353873_R1_concat.fastq.gz,/home/putter/SqCL_Pipeline/blindsnake/Anilios_nigrescens_J86646_353873_R2_concat.fastq.gz,GATCGGAAGAGCACACGTCTGAACTCCAGTCAC*ATCTCGTATGCCGTCTTCTGCTTG,AATGATACGGCGACCACCGAGATCTACAC*ACACTCTTTCCCTACACGACGCTCTTCCGATCT,TAATCTCCTC,ATCGCTTTCT,Anilios_nigrescens_J86646
Anilios_grypus_R108923_353874,/home/putter/SqCL_Pipeline/blindsnake/Anilios_grypus_R108923_353874_R1_concat.fastq.gz,/home/putter/SqCL_Pipeline/blindsnake/Anilios_grypus_R108923_353874_R2_concat.fastq.gz,GATCGGAAGAGCACACGTCTGAACTCCAGTCAC*ATCTCGTATGCCGTCTTCTGCTTG,AATGATACGGCGACCACCGAGATCTACAC*ACACTCTTTCCCTACACGACGCTCTTCCGATCT,TGGGAGCCGG,CCGTATGTTC,Anilios_grypus_R108923
Anilios_ganei_R124835_353875,/home/putter/SqCL_Pipeline/blindsnake/Anilios_ganei_R124835_353875_R1_concat.fastq.gz,/home/putter/SqCL_Pipeline/blindsnake/Anilios_ganei_R124835_353875_R2_concat.fastq.gz,GATCGGAAGAGCACACGTCTGAACTCCAGTCAC*ATCTCGTATGCCGTCTTCTGCTTG,AATGATACGGCGACCACCGAGATCTACAC*ACACTCTTTCCCTACACGACGCTCTTCCGATCT,TCTGAGGTGC,ATACTGAGTT,Anilios_ganei_R124835
Anilios_ganei_R140003_353876,/home/putter/SqCL_Pipeline/blindsnake/Anilios_ganei_R140003_353876_R1_concat.fastq.gz,/home/putter/SqCL_Pipeline/blindsnake/Anilios_ganei_R140003_353876_R2_concat.fastq.gz,GATCGGAAGAGCACACGTCTGAACTCCAGTCAC*ATCTCGTATGCCGTCTTCTGCTTG,AATGATACGGCGACCACCGAGATCTACAC*ACACTCTTTCCCTACACGACGCTCTTCCGATCT,CACAACGATA,CCTCCCACGT,Anilios_ganei_R140003
Anilios_kimberleyensis_R164213_353877,/home/putter/SqCL_Pipeline/blindsnake/Anilios_kimberleyensis_R164213_353877_R1_concat.fastq.gz,/home/putter/SqCL_Pipeline/blindsnake/Anilios_kimberleyensis_R164213_353877_R2_concat.fastq.gz,GATCGGAAGAGCACACGTCTGAACTCCAGTCAC*ATCTCGTATGCCGTCTTCTGCTTG,AATGATACGGCGACCACCGAGATCTACAC*ACACTCTTTCCCTACACGACGCTCTTCCGATCT,GTCCGGCTGG,AACATCCTCT,Anilios_kimberleyensis_R164213
Anilios_torresianus_J47640_353878,/home/putter/SqCL_Pipeline/blindsnake/Anilios_torresianus_J47640_353878_R1_concat.fastq.gz,/home/putter/SqCL_Pipeline/blindsnake/Anilios_torresianus_J47640_353878_R2_concat.fastq.gz,GATCGGAAGAGCACACGTCTGAACTCCAGTCAC*ATCTCGTATGCCGTCTTCTGCTTG,AATGATACGGCGACCACCGAGATCTACAC*ACACTCTTTCCCTACACGACGCTCTTCCGATCT,TCACAATAAG,CCGGAGCTCA,Anilios_torresianus_J47640
Anilios_nigrescens_R31022_353879,/home/putter/SqCL_Pipeline/blindsnake/Anilios_nigrescens_R31022_353879_R1_concat.fastq.gz,/home/putter/SqCL_Pipeline/blindsnake/Anilios_nigrescens_R31022_353879_R2_concat.fastq.gz,GATCGGAAGAGCACACGTCTGAACTCCAGTCAC*ATCTCGTATGCCGTCTTCTGCTTG,AATGATACGGCGACCACCGAGATCTACAC*ACACTCTTTCCCTACACGACGCTCTTCCGATCT,GCACACGATA,CGTGAACACA,Anilios_nigrescens_R31022
Anilios_ligatus_R19109_353880,/home/putter/SqCL_Pipeline/blindsnake/Anilios_ligatus_R19109_353880_R1_concat.fastq.gz,/home/putter/SqCL_Pipeline/blindsnake/Anilios_ligatus_R19109_353880_R2_concat.fastq.gz,GATCGGAAGAGCACACGTCTGAACTCCAGTCAC*ATCTCGTATGCCGTCTTCTGCTTG,AATGATACGGCGACCACCGAGATCTACAC*ACACTCTTTCCCTACACGACGCTCTTCCGATCT,AACAACGCGC,AAGCGGAGTG,Anilios_ligatus_R19109
Anilios_diversus_J85421_353881,/home/putter/SqCL_Pipeline/blindsnake/Anilios_diversus_J85421_353881_R1_concat.fastq.gz,/home/putter/SqCL_Pipeline/blindsnake/Anilios_diversus_J85421_353881_R2_concat.fastq.gz,GATCGGAAGAGCACACGTCTGAACTCCAGTCAC*ATCTCGTATGCCGTCTTCTGCTTG,AATGATACGGCGACCACCGAGATCTACAC*ACACTCTTTCCCTACACGACGCTCTTCCGATCT,GCGTGGCATA,CAGTGGGATG,Anilios_diversus_J85421
Anilios_hamatus_R110958_353882,/home/putter/SqCL_Pipeline/blindsnake/Anilios_hamatus_R110958_353882_R1_concat.fastq.gz,/home/putter/SqCL_Pipeline/blindsnake/Anilios_hamatus_R110958_353882_R2_concat.fastq.gz,GATCGGAAGAGCACACGTCTGAACTCCAGTCAC*ATCTCGTATGCCGTCTTCTGCTTG,AATGATACGGCGACCACCGAGATCTACAC*ACACTCTTTCCCTACACGACGCTCTTCCGATCT,GATAATCCTT,CTGATCCCTG,Anilios_hamatus_R110958
Anilios_kimberleyensis_R125981_353883,/home/putter/SqCL_Pipeline/blindsnake/Anilios_kimberleyensis_R125981_353883_R1_concat.fastq.gz,/home/putter/SqCL_Pipeline/blindsnake/Anilios_kimberleyensis_R125981_353883_R2_concat.fastq.gz,GATCGGAAGAGCACACGTCTGAACTCCAGTCAC*ATCTCGTATGCCGTCTTCTGCTTG,AATGATACGGCGACCACCGAGATCTACAC*ACACTCTTTCCCTACACGACGCTCTTCCGATCT,GAGCAGTTAT,AACCCATTCT,Anilios_kimberleyensis_R125981
Anilios_ammodytes_R141306_353884,/home/putter/SqCL_Pipeline/blindsnake/Anilios_ammodytes_R141306_353884_R1_concat.fastq.gz,/home/putter/SqCL_Pipeline/blindsnake/Anilios_ammodytes_R141306_353884_R2_concat.fastq.gz,GATCGGAAGAGCACACGTCTGAACTCCAGTCAC*ATCTCGTATGCCGTCTTCTGCTTG,AATGATACGGCGACCACCGAGATCTACAC*ACACTCTTTCCCTACACGACGCTCTTCCGATCT,CAGGCTTGTG,AAGTAAATTA,Anilios_ammodytes_R141306
Anilios_ganei_R165000_353885,/home/putter/SqCL_Pipeline/blindsnake/Anilios_ganei_R165000_353885_R1_concat.fastq.gz,/home/putter/SqCL_Pipeline/blindsnake/Anilios_ganei_R165000_353885_R2_concat.fastq.gz,GATCGGAAGAGCACACGTCTGAACTCCAGTCAC*ATCTCGTATGCCGTCTTCTGCTTG,AATGATACGGCGACCACCGAGATCTACAC*ACACTCTTTCCCTACACGACGCTCTTCCGATCT,ATGCATCGTA,GAGGTCGTTG,Anilios_ganei_R165000
Anilios_pilbarensis_R110860_353886,/home/putter/SqCL_Pipeline/blindsnake/Anilios_pilbarensis_R110860_353886_R1_concat.fastq.gz,/home/putter/SqCL_Pipeline/blindsnake/Anilios_pilbarensis_R110860_353886_R2_concat.fastq.gz,GATCGGAAGAGCACACGTCTGAACTCCAGTCAC*ATCTCGTATGCCGTCTTCTGCTTG,AATGATACGGCGACCACCGAGATCTACAC*ACACTCTTTCCCTACACGACGCTCTTCCGATCT,CTTTCGCATC,GATCCCTATC,Anilios_pilbarensis_R110860
Anilios_silvia_J46128_353887,/home/putter/SqCL_Pipeline/blindsnake/Anilios_silvia_J46128_353887_R1_concat.fastq.gz,/home/putter/SqCL_Pipeline/blindsnake/Anilios_silvia_J46128_353887_R2_concat.fastq.gz,GATCGGAAGAGCACACGTCTGAACTCCAGTCAC*ATCTCGTATGCCGTCTTCTGCTTG,AATGATACGGCGACCACCGAGATCTACAC*ACACTCTTTCCCTACACGACGCTCTTCCGATCT,GCAGTAAACG,CTGAATGCAT,Anilios_silvia_J46128
Anilios_wiedii_J59020_353888,/home/putter/SqCL_Pipeline/blindsnake/Anilios_wiedii_J59020_353888_R1_concat.fastq.gz,/home/putter/SqCL_Pipeline/blindsnake/Anilios_wiedii_J59020_353888_R2_concat.fastq.gz,GATCGGAAGAGCACACGTCTGAACTCCAGTCAC*ATCTCGTATGCCGTCTTCTGCTTG,AATGATACGGCGACCACCGAGATCTACAC*ACACTCTTTCCCTACACGACGCTCTTCCGATCT,GTGACCGCTA,TGTCATACAT,Anilios_wiedii_J59020
Anilios_bituberculatus_R63990_353889,/home/putter/SqCL_Pipeline/blindsnake/Anilios_bituberculatus_R63990_353889_R1_concat.fastq.gz,/home/putter/SqCL_Pipeline/blindsnake/Anilios_bituberculatus_R63990_353889_R2_concat.fastq.gz,GATCGGAAGAGCACACGTCTGAACTCCAGTCAC*ATCTCGTATGCCGTCTTCTGCTTG,AATGATACGGCGACCACCGAGATCTACAC*ACACTCTTTCCCTACACGACGCTCTTCCGATCT,ATACGCGCGA,CTCGACCTTC,Anilios_bituberculatus_R63990
Anilios_hamatus_R111862_353890,/home/putter/SqCL_Pipeline/blindsnake/Anilios_hamatus_R111862_353890_R1_concat.fastq.gz,/home/putter/SqCL_Pipeline/blindsnake/Anilios_hamatus_R111862_353890_R2_concat.fastq.gz,GATCGGAAGAGCACACGTCTGAACTCCAGTCAC*ATCTCGTATGCCGTCTTCTGCTTG,AATGATACGGCGACCACCGAGATCTACAC*ACACTCTTTCCCTACACGACGCTCTTCCGATCT,AGTAGAAGGA,CGTGTATTTC,Anilios_hamatus_R111862
Anilios_endoterus_R127182_353891,/home/putter/SqCL_Pipeline/blindsnake/Anilios_endoterus_R127182_353891_R1_concat.fastq.gz,/home/putter/SqCL_Pipeline/blindsnake/Anilios_endoterus_R127182_353891_R2_concat.fastq.gz,GATCGGAAGAGCACACGTCTGAACTCCAGTCAC*ATCTCGTATGCCGTCTTCTGCTTG,AATGATACGGCGACCACCGAGATCTACAC*ACACTCTTTCCCTACACGACGCTCTTCCGATCT,CCAATCTAGT,GTTATCTCGG,Anilios_endoterus_R127182
Anilios_troglodytes_R146048_353892,/home/putter/SqCL_Pipeline/blindsnake/Anilios_troglodytes_R146048_353892_R1_concat.fastq.gz,/home/putter/SqCL_Pipeline/blindsnake/Anilios_troglodytes_R146048_353892_R2_concat.fastq.gz,GATCGGAAGAGCACACGTCTGAACTCCAGTCAC*ATCTCGTATGCCGTCTTCTGCTTG,AATGATACGGCGACCACCGAGATCTACAC*ACACTCTTTCCCTACACGACGCTCTTCCGATCT,AGCAAGACTT,ACCAAGGCGT,Anilios_troglodytes_R146048
Anilios_ammodytes_R165282_353893,/home/putter/SqCL_Pipeline/blindsnake/Anilios_ammodytes_R165282_353893_R1_concat.fastq.gz,/home/putter/SqCL_Pipeline/blindsnake/Anilios_ammodytes_R165282_353893_R2_concat.fastq.gz,GATCGGAAGAGCACACGTCTGAACTCCAGTCAC*ATCTCGTATGCCGTCTTCTGCTTG,AATGATACGGCGACCACCGAGATCTACAC*ACACTCTTTCCCTACACGACGCTCTTCCGATCT,TCCAAAGCGG,ATAAACTTAC,Anilios_ammodytes_R165282
Anilios_splendidus_R119900_353894,/home/putter/SqCL_Pipeline/blindsnake/Anilios_splendidus_R119900_353894_R1_concat.fastq.gz,/home/putter/SqCL_Pipeline/blindsnake/Anilios_splendidus_R119900_353894_R2_concat.fastq.gz,GATCGGAAGAGCACACGTCTGAACTCCAGTCAC*ATCTCGTATGCCGTCTTCTGCTTG,AATGATACGGCGACCACCGAGATCTACAC*ACACTCTTTCCCTACACGACGCTCTTCCGATCT,TCTACAAAGC,ACAGTCGTGA,Anilios_splendidus_R119900
Anilios_grypus_R55272_353895,/home/putter/SqCL_Pipeline/blindsnake/Anilios_grypus_R55272_353895_R1_concat.fastq.gz,/home/putter/SqCL_Pipeline/blindsnake/Anilios_grypus_R55272_353895_R2_concat.fastq.gz,GATCGGAAGAGCACACGTCTGAACTCCAGTCAC*ATCTCGTATGCCGTCTTCTGCTTG,AATGATACGGCGACCACCGAGATCTACAC*ACACTCTTTCCCTACACGACGCTCTTCCGATCT,CAGATGGGAT,TGGAGTGTTT,Anilios_grypus_R55272
Anilios_torresianus_J60625_353896,/home/putter/SqCL_Pipeline/blindsnake/Anilios_torresianus_J60625_353896_R1_concat.fastq.gz,/home/putter/SqCL_Pipeline/blindsnake/Anilios_torresianus_J60625_353896_R2_concat.fastq.gz,GATCGGAAGAGCACACGTCTGAACTCCAGTCAC*ATCTCGTATGCCGTCTTCTGCTTG,AATGATACGGCGACCACCGAGATCTACAC*ACACTCTTTCCCTACACGACGCTCTTCCGATCT,GTCGGCGGAG,GCACTCATTC,Anilios_torresianus_J60625
Anilios_grypus_R102196_353897,/home/putter/SqCL_Pipeline/blindsnake/Anilios_grypus_R102196_353897_R1_concat.fastq.gz,/home/putter/SqCL_Pipeline/blindsnake/Anilios_grypus_R102196_353897_R2_concat.fastq.gz,GATCGGAAGAGCACACGTCTGAACTCCAGTCAC*ATCTCGTATGCCGTCTTCTGCTTG,AATGATACGGCGACCACCGAGATCTACAC*ACACTCTTTCCCTACACGACGCTCTTCCGATCT,ATTGAGATCG,TCGTTGTATA,Anilios_grypus_R102196
Anilios_diversus_R112027_353898,/home/putter/SqCL_Pipeline/blindsnake/Anilios_diversus_R112027_353898_R1_concat.fastq.gz,/home/putter/SqCL_Pipeline/blindsnake/Anilios_diversus_R112027_353898_R2_concat.fastq.gz,GATCGGAAGAGCACACGTCTGAACTCCAGTCAC*ATCTCGTATGCCGTCTTCTGCTTG,AATGATACGGCGACCACCGAGATCTACAC*ACACTCTTTCCCTACACGACGCTCTTCCGATCT,ATTCAAACGC,GTGACTAAGC,Anilios_diversus_R112027
Anilios_ammodytes_R127760_353899,/home/putter/SqCL_Pipeline/blindsnake/Anilios_ammodytes_R127760_353899_R1_concat.fastq.gz,/home/putter/SqCL_Pipeline/blindsnake/Anilios_ammodytes_R127760_353899_R2_concat.fastq.gz,GATCGGAAGAGCACACGTCTGAACTCCAGTCAC*ATCTCGTATGCCGTCTTCTGCTTG,AATGATACGGCGACCACCGAGATCTACAC*ACACTCTTTCCCTACACGACGCTCTTCCGATCT,GTGCCCAGAA,TGTGTTAGGC,Anilios_ammodytes_R127760
Anilios_pinguis_R146995_353900,/home/putter/SqCL_Pipeline/blindsnake/Anilios_pinguis_R146995_353900_R1_concat.fastq.gz,/home/putter/SqCL_Pipeline/blindsnake/Anilios_pinguis_R146995_353900_R2_concat.fastq.gz,GATCGGAAGAGCACACGTCTGAACTCCAGTCAC*ATCTCGTATGCCGTCTTCTGCTTG,AATGATACGGCGACCACCGAGATCTACAC*ACACTCTTTCCCTACACGACGCTCTTCCGATCT,CTAGCGGTTC,AGCCGTTCTT,Anilios_pinguis_R146995
Anilios_bicolor_R165618_353901,/home/putter/SqCL_Pipeline/blindsnake/Anilios_bicolor_R165618_353901_R1_concat.fastq.gz,/home/putter/SqCL_Pipeline/blindsnake/Anilios_bicolor_R165618_353901_R2_concat.fastq.gz,GATCGGAAGAGCACACGTCTGAACTCCAGTCAC*ATCTCGTATGCCGTCTTCTGCTTG,AATGATACGGCGACCACCGAGATCTACAC*ACACTCTTTCCCTACACGACGCTCTTCCGATCT,AGCCACGGAG,TCTTTATTCG,Anilios_bicolor_R165618
Anilios_polygrammicus_R98715_353902,/home/putter/SqCL_Pipeline/blindsnake/Anilios_polygrammicus_R98715_353902_R1_concat.fastq.gz,/home/putter/SqCL_Pipeline/blindsnake/Anilios_polygrammicus_R98715_353902_R2_concat.fastq.gz,GATCGGAAGAGCACACGTCTGAACTCCAGTCAC*ATCTCGTATGCCGTCTTCTGCTTG,AATGATACGGCGACCACCGAGATCTACAC*ACACTCTTTCCCTACACGACGCTCTTCCGATCT,ATCGGATTAG,AAGAGGCGGG,Anilios_polygrammicus_R98715
Anilios_endoterus_R166251_353903,/home/putter/SqCL_Pipeline/blindsnake/Anilios_endoterus_R166251_353903_R1_concat.fastq.gz,/home/putter/SqCL_Pipeline/blindsnake/Anilios_endoterus_R166251_353903_R2_concat.fastq.gz,GATCGGAAGAGCACACGTCTGAACTCCAGTCAC*ATCTCGTATGCCGTCTTCTGCTTG,AATGATACGGCGACCACCGAGATCTACAC*ACACTCTTTCCCTACACGACGCTCTTCCGATCT,GACATATGGG,CAAACACCGG,Anilios_endoterus_R166251
Anilios_bituberculatus_R39658_353904,/home/putter/SqCL_Pipeline/blindsnake/Anilios_bituberculatus_R39658_353904_R1_concat.fastq.gz,/home/putter/SqCL_Pipeline/blindsnake/Anilios_bituberculatus_R39658_353904_R2_concat.fastq.gz,GATCGGAAGAGCACACGTCTGAACTCCAGTCAC*ATCTCGTATGCCGTCTTCTGCTTG,AATGATACGGCGACCACCGAGATCTACAC*ACACTCTTTCCCTACACGACGCTCTTCCGATCT,AGATCGAATG,GCTCATGAAA,Anilios_bituberculatus_R39658
Anilios_ammodytes_R102560_353905,/home/putter/SqCL_Pipeline/blindsnake/Anilios_ammodytes_R102560_353905_R1_concat.fastq.gz,/home/putter/SqCL_Pipeline/blindsnake/Anilios_ammodytes_R102560_353905_R2_concat.fastq.gz,GATCGGAAGAGCACACGTCTGAACTCCAGTCAC*ATCTCGTATGCCGTCTTCTGCTTG,AATGATACGGCGACCACCGAGATCTACAC*ACACTCTTTCCCTACACGACGCTCTTCCGATCT,CTAGTATATA,CCGGGTGAAG,Anilios_ammodytes_R102560
Anilios_hamatus_R112742_353906,/home/putter/SqCL_Pipeline/blindsnake/Anilios_hamatus_R112742_353906_R1_concat.fastq.gz,/home/putter/SqCL_Pipeline/blindsnake/Anilios_hamatus_R112742_353906_R2_concat.fastq.gz,GATCGGAAGAGCACACGTCTGAACTCCAGTCAC*ATCTCGTATGCCGTCTTCTGCTTG,AATGATACGGCGACCACCGAGATCTACAC*ACACTCTTTCCCTACACGACGCTCTTCCGATCT,CCATAATTGT,GCACAAGAGG,Anilios_hamatus_R112742
Anilios_hamatus_R127804_353907,/home/putter/SqCL_Pipeline/blindsnake/Anilios_hamatus_R127804_353907_R1_concat.fastq.gz,/home/putter/SqCL_Pipeline/blindsnake/Anilios_hamatus_R127804_353907_R2_concat.fastq.gz,GATCGGAAGAGCACACGTCTGAACTCCAGTCAC*ATCTCGTATGCCGTCTTCTGCTTG,AATGATACGGCGACCACCGAGATCTACAC*ACACTCTTTCCCTACACGACGCTCTTCCGATCT,TTACACTCGC,GTAGATTAGA,Anilios_hamatus_R127804
Anilios_diversus_R151035_353908,/home/putter/SqCL_Pipeline/blindsnake/Anilios_diversus_R151035_353908_R1_concat.fastq.gz,/home/putter/SqCL_Pipeline/blindsnake/Anilios_diversus_R151035_353908_R2_concat.fastq.gz,GATCGGAAGAGCACACGTCTGAACTCCAGTCAC*ATCTCGTATGCCGTCTTCTGCTTG,AATGATACGGCGACCACCGAGATCTACAC*ACACTCTTTCCCTACACGACGCTCTTCCGATCT,CTACCAGGGC,CTCGCATACA,Anilios_diversus_R151035
Anilios_pinguis_R166813_353909,/home/putter/SqCL_Pipeline/blindsnake/Anilios_pinguis_R166813_353909_R1_concat.fastq.gz,/home/putter/SqCL_Pipeline/blindsnake/Anilios_pinguis_R166813_353909_R2_concat.fastq.gz,GATCGGAAGAGCACACGTCTGAACTCCAGTCAC*ATCTCGTATGCCGTCTTCTGCTTG,AATGATACGGCGACCACCGAGATCTACAC*ACACTCTTTCCCTACACGACGCTCTTCCGATCT,AGACCATCAC,GTCCGGAGAA,Anilios_pinguis_R166813
Acutotyphlops_subocularis_R64768_353910,/home/putter/SqCL_Pipeline/blindsnake/Acutotyphlops_subocularis_R64768_353910_R1_concat.fastq.gz,/home/putter/SqCL_Pipeline/blindsnake/Acutotyphlops_subocularis_R64768_353910_R2_concat.fastq.gz,GATCGGAAGAGCACACGTCTGAACTCCAGTCAC*ATCTCGTATGCCGTCTTCTGCTTG,AATGATACGGCGACCACCGAGATCTACAC*ACACTCTTTCCCTACACGACGCTCTTCCGATCT,AGGACCACTT,CTAGGACAAC,Acutotyphlops_subocularis_R64768
Ramphotyphlops_cfwaitii_R56511_353911,/home/putter/SqCL_Pipeline/blindsnake/Ramphotyphlops_cfwaitii_R56511_353911_R1_concat.fastq.gz,/home/putter/SqCL_Pipeline/blindsnake/Ramphotyphlops_cfwaitii_R56511_353911_R2_concat.fastq.gz,GATCGGAAGAGCACACGTCTGAACTCCAGTCAC*ATCTCGTATGCCGTCTTCTGCTTG,AATGATACGGCGACCACCGAGATCTACAC*ACACTCTTTCCCTACACGACGCTCTTCCGATCT,GACAGCAGAA,CAGTCGTGGT,Ramphotyphlops_cfwaitii_R56511
Anilios_bituberculatus_R46448_353912,/home/putter/SqCL_Pipeline/blindsnake/Anilios_bituberculatus_R46448_353912_R1_concat.fastq.gz,/home/putter/SqCL_Pipeline/blindsnake/Anilios_bituberculatus_R46448_353912_R2_concat.fastq.gz,GATCGGAAGAGCACACGTCTGAACTCCAGTCAC*ATCTCGTATGCCGTCTTCTGCTTG,AATGATACGGCGACCACCGAGATCTACAC*ACACTCTTTCCCTACACGACGCTCTTCCGATCT,CCTCTATAAC,CGCTTAACAC,Anilios_bituberculatus_R46448
Anilios_endoterus_R102627_353913,/home/putter/SqCL_Pipeline/blindsnake/Anilios_endoterus_R102627_353913_R1_concat.fastq.gz,/home/putter/SqCL_Pipeline/blindsnake/Anilios_endoterus_R102627_353913_R2_concat.fastq.gz,GATCGGAAGAGCACACGTCTGAACTCCAGTCAC*ATCTCGTATGCCGTCTTCTGCTTG,AATGATACGGCGACCACCGAGATCTACAC*ACACTCTTTCCCTACACGACGCTCTTCCGATCT,AGGCTGCAAC,TACCAACTCT,Anilios_endoterus_R102627
Anilios_diversus_R112993_353914,/home/putter/SqCL_Pipeline/blindsnake/Anilios_diversus_R112993_353914_R1_concat.fastq.gz,/home/putter/SqCL_Pipeline/blindsnake/Anilios_diversus_R112993_353914_R2_concat.fastq.gz,GATCGGAAGAGCACACGTCTGAACTCCAGTCAC*ATCTCGTATGCCGTCTTCTGCTTG,AATGATACGGCGACCACCGAGATCTACAC*ACACTCTTTCCCTACACGACGCTCTTCCGATCT,AACTTCTAGG,GTCACCCATT,Anilios_diversus_R112993
Anilios_australis_R132006_353915,/home/putter/SqCL_Pipeline/blindsnake/Anilios_australis_R132006_353915_R1_concat.fastq.gz,/home/putter/SqCL_Pipeline/blindsnake/Anilios_australis_R132006_353915_R2_concat.fastq.gz,GATCGGAAGAGCACACGTCTGAACTCCAGTCAC*ATCTCGTATGCCGTCTTCTGCTTG,AATGATACGGCGACCACCGAGATCTACAC*ACACTCTTTCCCTACACGACGCTCTTCCGATCT,TCGGTCGCTT,CCTTCGGGAA,Anilios_australis_R132006
Anilios_australis_R154969_353916,/home/putter/SqCL_Pipeline/blindsnake/Anilios_australis_R154969_353916_R1_concat.fastq.gz,/home/putter/SqCL_Pipeline/blindsnake/Anilios_australis_R154969_353916_R2_concat.fastq.gz,GATCGGAAGAGCACACGTCTGAACTCCAGTCAC*ATCTCGTATGCCGTCTTCTGCTTG,AATGATACGGCGACCACCGAGATCTACAC*ACACTCTTTCCCTACACGACGCTCTTCCGATCT,ACCACACGTT,CTGGTTGCCT,Anilios_australis_R154969
Anilios_wiedii_R154152_353917,/home/putter/SqCL_Pipeline/blindsnake/Anilios_wiedii_R154152_353917_R1_concat.fastq.gz,/home/putter/SqCL_Pipeline/blindsnake/Anilios_wiedii_R154152_353917_R2_concat.fastq.gz,GATCGGAAGAGCACACGTCTGAACTCCAGTCAC*ATCTCGTATGCCGTCTTCTGCTTG,AATGATACGGCGACCACCGAGATCTACAC*ACACTCTTTCCCTACACGACGCTCTTCCGATCT,CATGTTACAG,TCGGTACCAT,Anilios_wiedii_R154152
Anilios_australis_R135436_353918,/home/putter/SqCL_Pipeline/blindsnake/Anilios_australis_R135436_353918_R1_concat.fastq.gz,/home/putter/SqCL_Pipeline/blindsnake/Anilios_australis_R135436_353918_R2_concat.fastq.gz,GATCGGAAGAGCACACGTCTGAACTCCAGTCAC*ATCTCGTATGCCGTCTTCTGCTTG,AATGATACGGCGACCACCGAGATCTACAC*ACACTCTTTCCCTACACGACGCTCTTCCGATCT,CAGCGCAACG,AGGATATCCT,Anilios_australis_R135436
Anilios_ligatus_R35156_353919,/home/putter/SqCL_Pipeline/blindsnake/Anilios_ligatus_R35156_353919_R1_concat.fastq.gz,/home/putter/SqCL_Pipeline/blindsnake/Anilios_ligatus_R35156_353919_R2_concat.fastq.gz,GATCGGAAGAGCACACGTCTGAACTCCAGTCAC*ATCTCGTATGCCGTCTTCTGCTTG,AATGATACGGCGACCACCGAGATCTACAC*ACACTCTTTCCCTACACGACGCTCTTCCGATCT,AGAAACGCAC,CTAACATTTC,Anilios_ligatus_R35156
Anilios_endoterus_R51038_353920,/home/putter/SqCL_Pipeline/blindsnake/Anilios_endoterus_R51038_353920_R1_concat.fastq.gz,/home/putter/SqCL_Pipeline/blindsnake/Anilios_endoterus_R51038_353920_R2_concat.fastq.gz,GATCGGAAGAGCACACGTCTGAACTCCAGTCAC*ATCTCGTATGCCGTCTTCTGCTTG,AATGATACGGCGACCACCGAGATCTACAC*ACACTCTTTCCCTACACGACGCTCTTCCGATCT,AACACTGGGA,TCACACCCAC,Anilios_endoterus_R51038
Anilios_grypus_R102679_353921,/home/putter/SqCL_Pipeline/blindsnake/Anilios_grypus_R102679_353921_R1_concat.fastq.gz,/home/putter/SqCL_Pipeline/blindsnake/Anilios_grypus_R102679_353921_R2_concat.fastq.gz,GATCGGAAGAGCACACGTCTGAACTCCAGTCAC*ATCTCGTATGCCGTCTTCTGCTTG,AATGATACGGCGACCACCGAGATCTACAC*ACACTCTTTCCCTACACGACGCTCTTCCGATCT,TTGTCGTCTC,ATGGCAGACA,Anilios_grypus_R102679
Anilios_waitii_R113302_353922,/home/putter/SqCL_Pipeline/blindsnake/Anilios_waitii_R113302_353922_R1_concat.fastq.gz,/home/putter/SqCL_Pipeline/blindsnake/Anilios_waitii_R113302_353922_R2_concat.fastq.gz,GATCGGAAGAGCACACGTCTGAACTCCAGTCAC*ATCTCGTATGCCGTCTTCTGCTTG,AATGATACGGCGACCACCGAGATCTACAC*ACACTCTTTCCCTACACGACGCTCTTCCGATCT,AGGGAACAAC,CATTTAAGTG,Anilios_waitii_R113302
Anilios_kimberleyensis_R133192_353923,/home/putter/SqCL_Pipeline/blindsnake/Anilios_kimberleyensis_R133192_353923_R1_concat.fastq.gz,/home/putter/SqCL_Pipeline/blindsnake/Anilios_kimberleyensis_R133192_353923_R2_concat.fastq.gz,GATCGGAAGAGCACACGTCTGAACTCCAGTCAC*ATCTCGTATGCCGTCTTCTGCTTG,AATGATACGGCGACCACCGAGATCTACAC*ACACTCTTTCCCTACACGACGCTCTTCCGATCT,AAAGTAGGGC,GTGGGATCAG,Anilios_kimberleyensis_R133192
Anilios_grypus_R156164_353924,/home/putter/SqCL_Pipeline/blindsnake/Anilios_grypus_R156164_353924_R1_concat.fastq.gz,/home/putter/SqCL_Pipeline/blindsnake/Anilios_grypus_R156164_353924_R2_concat.fastq.gz,GATCGGAAGAGCACACGTCTGAACTCCAGTCAC*ATCTCGTATGCCGTCTTCTGCTTG,AATGATACGGCGACCACCGAGATCTACAC*ACACTCTTTCCCTACACGACGCTCTTCCGATCT,CTGTTCGTGC,GCAGTGGTAC,Anilios_grypus_R156164
Anilios_endoterus_R155225_353925,/home/putter/SqCL_Pipeline/blindsnake/Anilios_endoterus_R155225_353925_R1_concat.fastq.gz,/home/putter/SqCL_Pipeline/blindsnake/Anilios_endoterus_R155225_353925_R2_concat.fastq.gz,GATCGGAAGAGCACACGTCTGAACTCCAGTCAC*ATCTCGTATGCCGTCTTCTGCTTG,AATGATACGGCGACCACCGAGATCTACAC*ACACTCTTTCCCTACACGACGCTCTTCCGATCT,CAGCGTGTTG,TAATGACAAC,Anilios_endoterus_R155225
Anilios_proximus_R132486_353926,/home/putter/SqCL_Pipeline/blindsnake/Anilios_proximus_R132486_353926_R1_concat.fastq.gz,/home/putter/SqCL_Pipeline/blindsnake/Anilios_proximus_R132486_353926_R2_concat.fastq.gz,GATCGGAAGAGCACACGTCTGAACTCCAGTCAC*ATCTCGTATGCCGTCTTCTGCTTG,AATGATACGGCGACCACCGAGATCTACAC*ACACTCTTTCCCTACACGACGCTCTTCCGATCT,ACAACGAAGA,AGCATCTTTA,Anilios_proximus_R132486
Anilios_unguirostris_R54430_353927,/home/putter/SqCL_Pipeline/blindsnake/Anilios_unguirostris_R54430_353927_R1_concat.fastq.gz,/home/putter/SqCL_Pipeline/blindsnake/Anilios_unguirostris_R54430_353927_R2_concat.fastq.gz,GATCGGAAGAGCACACGTCTGAACTCCAGTCAC*ATCTCGTATGCCGTCTTCTGCTTG,AATGATACGGCGACCACCGAGATCTACAC*ACACTCTTTCCCTACACGACGCTCTTCCGATCT,CATACTACTC,ATGCAACACT,Anilios_unguirostris_R54430
Anilios_bicolor_R55342_353928,/home/putter/SqCL_Pipeline/blindsnake/Anilios_bicolor_R55342_353928_R1_concat.fastq.gz,/home/putter/SqCL_Pipeline/blindsnake/Anilios_bicolor_R55342_353928_R2_concat.fastq.gz,GATCGGAAGAGCACACGTCTGAACTCCAGTCAC*ATCTCGTATGCCGTCTTCTGCTTG,AATGATACGGCGACCACCGAGATCTACAC*ACACTCTTTCCCTACACGACGCTCTTCCGATCT,GTTTCTGTGC,TTTAGAACGC,Anilios_bicolor_R55342
Anilios_endoterus_R102725_353929,/home/putter/SqCL_Pipeline/blindsnake/Anilios_endoterus_R102725_353929_R1_concat.fastq.gz,/home/putter/SqCL_Pipeline/blindsnake/Anilios_endoterus_R102725_353929_R2_concat.fastq.gz,GATCGGAAGAGCACACGTCTGAACTCCAGTCAC*ATCTCGTATGCCGTCTTCTGCTTG,AATGATACGGCGACCACCGAGATCTACAC*ACACTCTTTCCCTACACGACGCTCTTCCGATCT,TCCGTCTCCT,CGAGGATAGA,Anilios_endoterus_R102725
Anilios_systenos_R114894_353930,/home/putter/SqCL_Pipeline/blindsnake/Anilios_systenos_R114894_353930_R1_concat.fastq.gz,/home/putter/SqCL_Pipeline/blindsnake/Anilios_systenos_R114894_353930_R2_concat.fastq.gz,GATCGGAAGAGCACACGTCTGAACTCCAGTCAC*ATCTCGTATGCCGTCTTCTGCTTG,AATGATACGGCGACCACCGAGATCTACAC*ACACTCTTTCCCTACACGACGCTCTTCCGATCT,CCTGAGAATA,TTCAATGGAA,Anilios_systenos_R114894
Anilios_grypus_R135514_353931,/home/putter/SqCL_Pipeline/blindsnake/Anilios_grypus_R135514_353931_R1_concat.fastq.gz,/home/putter/SqCL_Pipeline/blindsnake/Anilios_grypus_R135514_353931_R2_concat.fastq.gz,GATCGGAAGAGCACACGTCTGAACTCCAGTCAC*ATCTCGTATGCCGTCTTCTGCTTG,AATGATACGGCGACCACCGAGATCTACAC*ACACTCTTTCCCTACACGACGCTCTTCCGATCT,GAGCGCTCTG,TCGTCTTTGG,Anilios_grypus_R135514
Anilios_hamatus_R156249_353932,/home/putter/SqCL_Pipeline/blindsnake/Anilios_hamatus_R156249_353932_R1_concat.fastq.gz,/home/putter/SqCL_Pipeline/blindsnake/Anilios_hamatus_R156249_353932_R2_concat.fastq.gz,GATCGGAAGAGCACACGTCTGAACTCCAGTCAC*ATCTCGTATGCCGTCTTCTGCTTG,AATGATACGGCGACCACCGAGATCTACAC*ACACTCTTTCCCTACACGACGCTCTTCCGATCT,AGAGCAGCAT,CTTAGGCCGA,Anilios_hamatus_R156249
Anilios_bituberculatus_R161793_353933,/home/putter/SqCL_Pipeline/blindsnake/Anilios_bituberculatus_R161793_353933_R1_concat.fastq.gz,/home/putter/SqCL_Pipeline/blindsnake/Anilios_bituberculatus_R161793_353933_R2_concat.fastq.gz,GATCGGAAGAGCACACGTCTGAACTCCAGTCAC*ATCTCGTATGCCGTCTTCTGCTTG,AATGATACGGCGACCACCGAGATCTACAC*ACACTCTTTCCCTACACGACGCTCTTCCGATCT,AAATCCCGAA,GTGGATCCAC,Anilios_bituberculatus_R161793
Afrotyphlops_lineolatus_ABTC86145_353934,/home/putter/SqCL_Pipeline/blindsnake/Afrotyphlops_lineolatus_ABTC86145_353934_R1_concat.fastq.gz,/home/putter/SqCL_Pipeline/blindsnake/Afrotyphlops_lineolatus_ABTC86145_353934_R2_concat.fastq.gz,GATCGGAAGAGCACACGTCTGAACTCCAGTCAC*ATCTCGTATGCCGTCTTCTGCTTG,AATGATACGGCGACCACCGAGATCTACAC*ACACTCTTTCCCTACACGACGCTCTTCCGATCT,AGAACACTAC,GTGGTAACGA,Afrotyphlops_lineolatus_ABTC86145
Anilios_centralis_R14631_353935,/home/putter/SqCL_Pipeline/blindsnake/Anilios_centralis_R14631_353935_R1_concat.fastq.gz,/home/putter/SqCL_Pipeline/blindsnake/Anilios_centralis_R14631_353935_R2_concat.fastq.gz,GATCGGAAGAGCACACGTCTGAACTCCAGTCAC*ATCTCGTATGCCGTCTTCTGCTTG,AATGATACGGCGACCACCGAGATCTACAC*ACACTCTTTCCCTACACGACGCTCTTCCGATCT,TGCACGTCTC,GCGCGCCTGA,Anilios_centralis_R14631
Anilios_bituberculatus_R44841_353936,/home/putter/SqCL_Pipeline/blindsnake/Anilios_bituberculatus_R44841_353936_R1_concat.fastq.gz,/home/putter/SqCL_Pipeline/blindsnake/Anilios_bituberculatus_R44841_353936_R2_concat.fastq.gz,GATCGGAAGAGCACACGTCTGAACTCCAGTCAC*ATCTCGTATGCCGTCTTCTGCTTG,AATGATACGGCGACCACCGAGATCTACAC*ACACTCTTTCCCTACACGACGCTCTTCCGATCT,ACGGTAAAGC,TTTGTCACTA,Anilios_bituberculatus_R44841
Anilios_guentheri_R105974_353937,/home/putter/SqCL_Pipeline/blindsnake/Anilios_guentheri_R105974_353937_R1_concat.fastq.gz,/home/putter/SqCL_Pipeline/blindsnake/Anilios_guentheri_R105974_353937_R2_concat.fastq.gz,GATCGGAAGAGCACACGTCTGAACTCCAGTCAC*ATCTCGTATGCCGTCTTCTGCTTG,AATGATACGGCGACCACCGAGATCTACAC*ACACTCTTTCCCTACACGACGCTCTTCCGATCT,CGATCCGCAT,CTAGCTCATG,Anilios_guentheri_R105974
Anilios_grypus_R114909_353938,/home/putter/SqCL_Pipeline/blindsnake/Anilios_grypus_R114909_353938_R1_concat.fastq.gz,/home/putter/SqCL_Pipeline/blindsnake/Anilios_grypus_R114909_353938_R2_concat.fastq.gz,GATCGGAAGAGCACACGTCTGAACTCCAGTCAC*ATCTCGTATGCCGTCTTCTGCTTG,AATGATACGGCGACCACCGAGATCTACAC*ACACTCTTTCCCTACACGACGCTCTTCCGATCT,TGAGGTAAGA,GCTTGCAGAG,Anilios_grypus_R114909
Anilios_bituberculatus_R135670_353939,/home/putter/SqCL_Pipeline/blindsnake/Anilios_bituberculatus_R135670_353939_R1_concat.fastq.gz,/home/putter/SqCL_Pipeline/blindsnake/Anilios_bituberculatus_R135670_353939_R2_concat.fastq.gz,GATCGGAAGAGCACACGTCTGAACTCCAGTCAC*ATCTCGTATGCCGTCTTCTGCTTG,AATGATACGGCGACCACCGAGATCTACAC*ACACTCTTTCCCTACACGACGCTCTTCCGATCT,AACTGCCCGG,CATTGTGACT,Anilios_bituberculatus_R135670
Anilios_ganei_R156328_353940,/home/putter/SqCL_Pipeline/blindsnake/Anilios_ganei_R156328_353940_R1_concat.fastq.gz,/home/putter/SqCL_Pipeline/blindsnake/Anilios_ganei_R156328_353940_R2_concat.fastq.gz,GATCGGAAGAGCACACGTCTGAACTCCAGTCAC*ATCTCGTATGCCGTCTTCTGCTTG,AATGATACGGCGACCACCGAGATCTACAC*ACACTCTTTCCCTACACGACGCTCTTCCGATCT,AGTGACTCCG,CCCGACCCAA,Anilios_ganei_R156328
Anilios_affinis_R55645_353941,/home/putter/SqCL_Pipeline/blindsnake/Anilios_affinis_R55645_353941_R1_concat.fastq.gz,/home/putter/SqCL_Pipeline/blindsnake/Anilios_affinis_R55645_353941_R2_concat.fastq.gz,GATCGGAAGAGCACACGTCTGAACTCCAGTCAC*ATCTCGTATGCCGTCTTCTGCTTG,AATGATACGGCGACCACCGAGATCTACAC*ACACTCTTTCCCTACACGACGCTCTTCCGATCT,ACGCTTCACG,AAGAAGTGAC,Anilios_affinis_R55645
Ramphotyphlops_multillineatus_ABTC148379_353942,/home/putter/SqCL_Pipeline/blindsnake/Ramphotyphlops_multillineatus_ABTC148379_353942_R1_concat.fastq.gz,/home/putter/SqCL_Pipeline/blindsnake/Ramphotyphlops_multillineatus_ABTC148379_353942_R2_concat.fastq.gz,GATCGGAAGAGCACACGTCTGAACTCCAGTCAC*ATCTCGTATGCCGTCTTCTGCTTG,AATGATACGGCGACCACCGAGATCTACAC*ACACTCTTTCCCTACACGACGCTCTTCCGATCT,CAGCTTGGCA,AACCCAGGAA,Ramphotyphlops_multillineatus_ABTC148379
Anilios_unguirostris_R21669_353943,/home/putter/SqCL_Pipeline/blindsnake/Anilios_unguirostris_R21669_353943_R1_concat.fastq.gz,/home/putter/SqCL_Pipeline/blindsnake/Anilios_unguirostris_R21669_353943_R2_concat.fastq.gz,GATCGGAAGAGCACACGTCTGAACTCCAGTCAC*ATCTCGTATGCCGTCTTCTGCTTG,AATGATACGGCGACCACCGAGATCTACAC*ACACTCTTTCCCTACACGACGCTCTTCCGATCT,ACCGCCTTAG,AGAAGGAGGT,Anilios_unguirostris_R21669
Anilios_endoterus_R20864_353944,/home/putter/SqCL_Pipeline/blindsnake/Anilios_endoterus_R20864_353944_R1_concat.fastq.gz,/home/putter/SqCL_Pipeline/blindsnake/Anilios_endoterus_R20864_353944_R2_concat.fastq.gz,GATCGGAAGAGCACACGTCTGAACTCCAGTCAC*ATCTCGTATGCCGTCTTCTGCTTG,AATGATACGGCGACCACCGAGATCTACAC*ACACTCTTTCCCTACACGACGCTCTTCCGATCT,CCACAGACTC,GTGAATCTCT,Anilios_endoterus_R20864
Anilios_guentheri_R108431_353945,/home/putter/SqCL_Pipeline/blindsnake/Anilios_guentheri_R108431_353945_R1_concat.fastq.gz,/home/putter/SqCL_Pipeline/blindsnake/Anilios_guentheri_R108431_353945_R2_concat.fastq.gz,GATCGGAAGAGCACACGTCTGAACTCCAGTCAC*ATCTCGTATGCCGTCTTCTGCTTG,AATGATACGGCGACCACCGAGATCTACAC*ACACTCTTTCCCTACACGACGCTCTTCCGATCT,GAACGTGGAT,AACGCGTCTT,Anilios_guentheri_R108431
Anilios_endoterus_R114998_353946,/home/putter/SqCL_Pipeline/blindsnake/Anilios_endoterus_R114998_353946_R1_concat.fastq.gz,/home/putter/SqCL_Pipeline/blindsnake/Anilios_endoterus_R114998_353946_R2_concat.fastq.gz,GATCGGAAGAGCACACGTCTGAACTCCAGTCAC*ATCTCGTATGCCGTCTTCTGCTTG,AATGATACGGCGACCACCGAGATCTACAC*ACACTCTTTCCCTACACGACGCTCTTCCGATCT,CGAGGACACG,CAAATTAAAT,Anilios_endoterus_R114998
Anilios_hamatus_R136276_353947,/home/putter/SqCL_Pipeline/blindsnake/Anilios_hamatus_R136276_353947_R1_concat.fastq.gz,/home/putter/SqCL_Pipeline/blindsnake/Anilios_hamatus_R136276_353947_R2_concat.fastq.gz,GATCGGAAGAGCACACGTCTGAACTCCAGTCAC*ATCTCGTATGCCGTCTTCTGCTTG,AATGATACGGCGACCACCGAGATCTACAC*ACACTCTTTCCCTACACGACGCTCTTCCGATCT,AGTTCGGAGG,CACCTATGAC,Anilios_hamatus_R136276
Anilios_grypus_R157297_353948,/home/putter/SqCL_Pipeline/blindsnake/Anilios_grypus_R157297_353948_R1_concat.fastq.gz,/home/putter/SqCL_Pipeline/blindsnake/Anilios_grypus_R157297_353948_R2_concat.fastq.gz,GATCGGAAGAGCACACGTCTGAACTCCAGTCAC*ATCTCGTATGCCGTCTTCTGCTTG,AATGATACGGCGACCACCGAGATCTACAC*ACACTCTTTCCCTACACGACGCTCTTCCGATCT,TCAGGTGCGA,CTCTGAATTT,Anilios_grypus_R157297
Ramphotyphlops_cfwaitii_R51244_353949,/home/putter/SqCL_Pipeline/blindsnake/Ramphotyphlops_cfwaitii_R51244_353949_R1_concat.fastq.gz,/home/putter/SqCL_Pipeline/blindsnake/Ramphotyphlops_cfwaitii_R51244_353949_R2_concat.fastq.gz,GATCGGAAGAGCACACGTCTGAACTCCAGTCAC*ATCTCGTATGCCGTCTTCTGCTTG,AATGATACGGCGACCACCGAGATCTACAC*ACACTCTTTCCCTACACGACGCTCTTCCGATCT,AAAGGTCTGG,GCCTGTTTAC,Ramphotyphlops_cfwaitii_R51244
Anilios_tovelli_R21063_353950,/home/putter/SqCL_Pipeline/blindsnake/Anilios_tovelli_R21063_353950_R1_concat.fastq.gz,/home/putter/SqCL_Pipeline/blindsnake/Anilios_tovelli_R21063_353950_R2_concat.fastq.gz,GATCGGAAGAGCACACGTCTGAACTCCAGTCAC*ATCTCGTATGCCGTCTTCTGCTTG,AATGATACGGCGACCACCGAGATCTACAC*ACACTCTTTCCCTACACGACGCTCTTCCGATCT,GTCATGGCAT,CAGCCGTTAC,Anilios_tovelli_R21063
Anilios_diversus_R16427_353951,/home/putter/SqCL_Pipeline/blindsnake/Anilios_diversus_R16427_353951_R1_concat.fastq.gz,/home/putter/SqCL_Pipeline/blindsnake/Anilios_diversus_R16427_353951_R2_concat.fastq.gz,GATCGGAAGAGCACACGTCTGAACTCCAGTCAC*ATCTCGTATGCCGTCTTCTGCTTG,AATGATACGGCGACCACCGAGATCTACAC*ACACTCTTTCCCTACACGACGCTCTTCCGATCT,CCCATGAACT,CATTATGCAC,Anilios_diversus_R16427
Anilios_guentheri_R53885_353952,/home/putter/SqCL_Pipeline/blindsnake/Anilios_guentheri_R53885_353952_R1_concat.fastq.gz,/home/putter/SqCL_Pipeline/blindsnake/Anilios_guentheri_R53885_353952_R2_concat.fastq.gz,GATCGGAAGAGCACACGTCTGAACTCCAGTCAC*ATCTCGTATGCCGTCTTCTGCTTG,AATGATACGGCGACCACCGAGATCTACAC*ACACTCTTTCCCTACACGACGCTCTTCCGATCT,GTGCGCGCTC,AAACAACGGA,Anilios_guentheri_R53885
Anilios_grypus_R108596_353953,/home/putter/SqCL_Pipeline/blindsnake/Anilios_grypus_R108596_353953_R1_concat.fastq.gz,/home/putter/SqCL_Pipeline/blindsnake/Anilios_grypus_R108596_353953_R2_concat.fastq.gz,GATCGGAAGAGCACACGTCTGAACTCCAGTCAC*ATCTCGTATGCCGTCTTCTGCTTG,AATGATACGGCGACCACCGAGATCTACAC*ACACTCTTTCCCTACACGACGCTCTTCCGATCT,CGGGTGACGG,AGGAAGAAGT,Anilios_grypus_R108596
Anilios_unguirostris_R115861_353954,/home/putter/SqCL_Pipeline/blindsnake/Anilios_unguirostris_R115861_353954_R1_concat.fastq.gz,/home/putter/SqCL_Pipeline/blindsnake/Anilios_unguirostris_R115861_353954_R2_concat.fastq.gz,GATCGGAAGAGCACACGTCTGAACTCCAGTCAC*ATCTCGTATGCCGTCTTCTGCTTG,AATGATACGGCGACCACCGAGATCTACAC*ACACTCTTTCCCTACACGACGCTCTTCCGATCT,GACAGTGGAC,TCCAATCACG,Anilios_unguirostris_R115861
Anilios_waitii_R136741_353955,/home/putter/SqCL_Pipeline/blindsnake/Anilios_waitii_R136741_353955_R1_concat.fastq.gz,/home/putter/SqCL_Pipeline/blindsnake/Anilios_waitii_R136741_353955_R2_concat.fastq.gz,GATCGGAAGAGCACACGTCTGAACTCCAGTCAC*ATCTCGTATGCCGTCTTCTGCTTG,AATGATACGGCGACCACCGAGATCTACAC*ACACTCTTTCCCTACACGACGCTCTTCCGATCT,TGCGAGGATA,ACCCTCCCAC,Anilios_waitii_R136741
Anilios_grypus_R157403_353956,/home/putter/SqCL_Pipeline/blindsnake/Anilios_grypus_R157403_353956_R1_concat.fastq.gz,/home/putter/SqCL_Pipeline/blindsnake/Anilios_grypus_R157403_353956_R2_concat.fastq.gz,GATCGGAAGAGCACACGTCTGAACTCCAGTCAC*ATCTCGTATGCCGTCTTCTGCTTG,AATGATACGGCGACCACCGAGATCTACAC*ACACTCTTTCCCTACACGACGCTCTTCCGATCT,ATCCCGCGCA,TCCCTATTGC,Anilios_grypus_R157403
Anilios_pinguis_R173032_353957,/home/putter/SqCL_Pipeline/blindsnake/Anilios_pinguis_R173032_353957_R1_concat.fastq.gz,/home/putter/SqCL_Pipeline/blindsnake/Anilios_pinguis_R173032_353957_R2_concat.fastq.gz,GATCGGAAGAGCACACGTCTGAACTCCAGTCAC*ATCTCGTATGCCGTCTTCTGCTTG,AATGATACGGCGACCACCGAGATCTACAC*ACACTCTTTCCCTACACGACGCTCTTCCGATCT,GTACGTTGGA,AATTTCATAG,Anilios_pinguis_R173032
Anilios_torresianus_J47615_353958,/home/putter/SqCL_Pipeline/blindsnake/Anilios_torresianus_J47615_353958_R1_concat.fastq.gz,/home/putter/SqCL_Pipeline/blindsnake/Anilios_torresianus_J47615_353958_R2_concat.fastq.gz,GATCGGAAGAGCACACGTCTGAACTCCAGTCAC*ATCTCGTATGCCGTCTTCTGCTTG,AATGATACGGCGACCACCGAGATCTACAC*ACACTCTTTCCCTACACGACGCTCTTCCGATCT,AACTAGACAG,CAGGGCATTC,Anilios_torresianus_J47615
Anilios_broomi_SMZ0364_353959,/home/putter/SqCL_Pipeline/blindsnake/Anilios_broomi_SMZ0364_353959_R1_concat.fastq.gz,/home/putter/SqCL_Pipeline/blindsnake/Anilios_broomi_SMZ0364_353959_R2_concat.fastq.gz,GATCGGAAGAGCACACGTCTGAACTCCAGTCAC*ATCTCGTATGCCGTCTTCTGCTTG,AATGATACGGCGACCACCGAGATCTACAC*ACACTCTTTCCCTACACGACGCTCTTCCGATCT,TGGCAGGGCG,AGACCCTATA,Anilios_broomi_SMZ0364
Anilios_systenos_R114892_353960,/home/putter/SqCL_Pipeline/blindsnake/Anilios_systenos_R114892_353960_R1_concat.fastq.gz,/home/putter/SqCL_Pipeline/blindsnake/Anilios_systenos_R114892_353960_R2_concat.fastq.gz,GATCGGAAGAGCACACGTCTGAACTCCAGTCAC*ATCTCGTATGCCGTCTTCTGCTTG,AATGATACGGCGACCACCGAGATCTACAC*ACACTCTTTCCCTACACGACGCTCTTCCGATCT,GAATTATATC,AGTACAGAAT,Anilios_systenos_R114892
Anilios_leucoproctus_J87535_353961,/home/putter/SqCL_Pipeline/blindsnake/Anilios_leucoproctus_J87535_353961_R1_concat.fastq.gz,/home/putter/SqCL_Pipeline/blindsnake/Anilios_leucoproctus_J87535_353961_R2_concat.fastq.gz,GATCGGAAGAGCACACGTCTGAACTCCAGTCAC*ATCTCGTATGCCGTCTTCTGCTTG,AATGATACGGCGACCACCGAGATCTACAC*ACACTCTTTCCCTACACGACGCTCTTCCGATCT,ATACGATCAG,TAGGTAATGA,Anilios_leucoproctus_J87535
Anilios_obtusifrons_R146400_353962,/home/putter/SqCL_Pipeline/blindsnake/Anilios_obtusifrons_R146400_353962_R1_concat.fastq.gz,/home/putter/SqCL_Pipeline/blindsnake/Anilios_obtusifrons_R146400_353962_R2_concat.fastq.gz,GATCGGAAGAGCACACGTCTGAACTCCAGTCAC*ATCTCGTATGCCGTCTTCTGCTTG,AATGATACGGCGACCACCGAGATCTACAC*ACACTCTTTCCCTACACGACGCTCTTCCGATCT,AAAGGCTAGA,TAACTGAATC,Anilios_obtusifrons_R146400
Anilios_systenos_R114894_353963,/home/putter/SqCL_Pipeline/blindsnake/Anilios_systenos_R114894_353963_R1_concat.fastq.gz,/home/putter/SqCL_Pipeline/blindsnake/Anilios_systenos_R114894_353963_R2_concat.fastq.gz,GATCGGAAGAGCACACGTCTGAACTCCAGTCAC*ATCTCGTATGCCGTCTTCTGCTTG,AATGATACGGCGACCACCGAGATCTACAC*ACACTCTTTCCCTACACGACGCTCTTCCGATCT,TGGCGCGGGA,TGACTCTTGC,Anilios_systenos_R114894
Anilios_leucoproctus_J87547_353964,/home/putter/SqCL_Pipeline/blindsnake/Anilios_leucoproctus_J87547_353964_R1_concat.fastq.gz,/home/putter/SqCL_Pipeline/blindsnake/Anilios_leucoproctus_J87547_353964_R2_concat.fastq.gz,GATCGGAAGAGCACACGTCTGAACTCCAGTCAC*ATCTCGTATGCCGTCTTCTGCTTG,AATGATACGGCGACCACCGAGATCTACAC*ACACTCTTTCCCTACACGACGCTCTTCCGATCT,CCATTACGTC,TCCCGAAAGA,Anilios_leucoproctus_J87547
Anilios_obtusifrons_R129778_353965,/home/putter/SqCL_Pipeline/blindsnake/Anilios_obtusifrons_R129778_353965_R1_concat.fastq.gz,/home/putter/SqCL_Pipeline/blindsnake/Anilios_obtusifrons_R129778_353965_R2_concat.fastq.gz,GATCGGAAGAGCACACGTCTGAACTCCAGTCAC*ATCTCGTATGCCGTCTTCTGCTTG,AATGATACGGCGACCACCGAGATCTACAC*ACACTCTTTCCCTACACGACGCTCTTCCGATCT,TCTTATCACT,GCTGAATCAA,Anilios_obtusifrons_R129778
Anilios_systenos_R114893_353966,/home/putter/SqCL_Pipeline/blindsnake/Anilios_systenos_R114893_353966_R1_concat.fastq.gz,/home/putter/SqCL_Pipeline/blindsnake/Anilios_systenos_R114893_353966_R2_concat.fastq.gz,GATCGGAAGAGCACACGTCTGAACTCCAGTCAC*ATCTCGTATGCCGTCTTCTGCTTG,AATGATACGGCGACCACCGAGATCTACAC*ACACTCTTTCCCTACACGACGCTCTTCCGATCT,GAGTTCTGTC,GAGTCCACCG,Anilios_systenos_R114893
Anilios_broomi_J87805_353967,/home/putter/SqCL_Pipeline/blindsnake/Anilios_broomi_J87805_353967_R1_concat.fastq.gz,/home/putter/SqCL_Pipeline/blindsnake/Anilios_broomi_J87805_353967_R2_concat.fastq.gz,GATCGGAAGAGCACACGTCTGAACTCCAGTCAC*ATCTCGTATGCCGTCTTCTGCTTG,AATGATACGGCGACCACCGAGATCTACAC*ACACTCTTTCCCTACACGACGCTCTTCCGATCT,CGTATGGGTC,GTGAGGCAGG,Anilios_broomi_J87805
Anilios_ammodytes_R110199_353968,/home/putter/SqCL_Pipeline/blindsnake/Anilios_ammodytes_R110199_353968_R1_concat.fastq.gz,/home/putter/SqCL_Pipeline/blindsnake/Anilios_ammodytes_R110199_353968_R2_concat.fastq.gz,GATCGGAAGAGCACACGTCTGAACTCCAGTCAC*ATCTCGTATGCCGTCTTCTGCTTG,AATGATACGGCGACCACCGAGATCTACAC*ACACTCTTTCCCTACACGACGCTCTTCCGATCT,CTGAATAGCA,TCAATGCACG,Anilios_ammodytes_R110199
Anilios_splendidus_R119900_353969,/home/putter/SqCL_Pipeline/blindsnake/Anilios_splendidus_R119900_353969_R1_concat.fastq.gz,/home/putter/SqCL_Pipeline/blindsnake/Anilios_splendidus_R119900_353969_R2_concat.fastq.gz,GATCGGAAGAGCACACGTCTGAACTCCAGTCAC*ATCTCGTATGCCGTCTTCTGCTTG,AATGATACGGCGACCACCGAGATCTACAC*ACACTCTTTCCCTACACGACGCTCTTCCGATCT,ACCTTTAAGA,TCCCTCGGAT,Anilios_splendidus_R119900
Anilios_wiedii_J91298_353970,/home/putter/SqCL_Pipeline/blindsnake/Anilios_wiedii_J91298_353970_R1_concat.fastq.gz,/home/putter/SqCL_Pipeline/blindsnake/Anilios_wiedii_J91298_353970_R2_concat.fastq.gz,GATCGGAAGAGCACACGTCTGAACTCCAGTCAC*ATCTCGTATGCCGTCTTCTGCTTG,AATGATACGGCGACCACCGAGATCTACAC*ACACTCTTTCCCTACACGACGCTCTTCCGATCT,ACTGTGAGTT,GATTATAGGT,Anilios_wiedii_J91298
Anilios_ammodytes_R124837_353971,/home/putter/SqCL_Pipeline/blindsnake/Anilios_ammodytes_R124837_353971_R1_concat.fastq.gz,/home/putter/SqCL_Pipeline/blindsnake/Anilios_ammodytes_R124837_353971_R2_concat.fastq.gz,GATCGGAAGAGCACACGTCTGAACTCCAGTCAC*ATCTCGTATGCCGTCTTCTGCTTG,AATGATACGGCGACCACCGAGATCTACAC*ACACTCTTTCCCTACACGACGCTCTTCCGATCT,ACACCCTCGC,GTAAGGCTGA,Anilios_ammodytes_R124837
Anilios_longissimus_R120049_353972,/home/putter/SqCL_Pipeline/blindsnake/Anilios_longissimus_R120049_353972_R1_concat.fastq.gz,/home/putter/SqCL_Pipeline/blindsnake/Anilios_longissimus_R120049_353972_R2_concat.fastq.gz,GATCGGAAGAGCACACGTCTGAACTCCAGTCAC*ATCTCGTATGCCGTCTTCTGCTTG,AATGATACGGCGACCACCGAGATCTACAC*ACACTCTTTCCCTACACGACGCTCTTCCGATCT,CCGCTGCAGT,CGCCGCAACA,Anilios_longissimus_R120049
Anilios_aspina_J91822_353973,/home/putter/SqCL_Pipeline/blindsnake/Anilios_aspina_J91822_353973_R1_concat.fastq.gz,/home/putter/SqCL_Pipeline/blindsnake/Anilios_aspina_J91822_353973_R2_concat.fastq.gz,GATCGGAAGAGCACACGTCTGAACTCCAGTCAC*ATCTCGTATGCCGTCTTCTGCTTG,AATGATACGGCGACCACCGAGATCTACAC*ACACTCTTTCCCTACACGACGCTCTTCCGATCT,ATCAACCCTG,GCTTAGGGTG,Anilios_aspina_J91822
Anilios_obtusifrons_R129778_353974,/home/putter/SqCL_Pipeline/blindsnake/Anilios_obtusifrons_R129778_353974_R1_concat.fastq.gz,/home/putter/SqCL_Pipeline/blindsnake/Anilios_obtusifrons_R129778_353974_R2_concat.fastq.gz,GATCGGAAGAGCACACGTCTGAACTCCAGTCAC*ATCTCGTATGCCGTCTTCTGCTTG,AATGATACGGCGACCACCGAGATCTACAC*ACACTCTTTCCCTACACGACGCTCTTCCGATCT,AGAGACCCTT,AGGCACTGGA,Anilios_obtusifrons_R129778
Anilios_margaretae_R163269_353975,/home/putter/SqCL_Pipeline/blindsnake/Anilios_margaretae_R163269_353975_R1_concat.fastq.gz,/home/putter/SqCL_Pipeline/blindsnake/Anilios_margaretae_R163269_353975_R2_concat.fastq.gz,GATCGGAAGAGCACACGTCTGAACTCCAGTCAC*ATCTCGTATGCCGTCTTCTGCTTG,AATGATACGGCGACCACCGAGATCTACAC*ACACTCTTTCCCTACACGACGCTCTTCCGATCT,GTCGGGTCTT,GACGATTTAG,Anilios_margaretae_R163269
Anilios_affinis_J93015_353976,/home/putter/SqCL_Pipeline/blindsnake/Anilios_affinis_J93015_353976_R1_concat.fastq.gz,/home/putter/SqCL_Pipeline/blindsnake/Anilios_affinis_J93015_353976_R2_concat.fastq.gz,GATCGGAAGAGCACACGTCTGAACTCCAGTCAC*ATCTCGTATGCCGTCTTCTGCTTG,AATGATACGGCGACCACCGAGATCTACAC*ACACTCTTTCCCTACACGACGCTCTTCCGATCT,CGATAGAGTC,GTAAGAAGAC,Anilios_affinis_J93015
Anilios_hamatus_R136277_353977,/home/putter/SqCL_Pipeline/blindsnake/Anilios_hamatus_R136277_353977_R1_concat.fastq.gz,/home/putter/SqCL_Pipeline/blindsnake/Anilios_hamatus_R136277_353977_R2_concat.fastq.gz,GATCGGAAGAGCACACGTCTGAACTCCAGTCAC*ATCTCGTATGCCGTCTTCTGCTTG,AATGATACGGCGACCACCGAGATCTACAC*ACACTCTTTCCCTACACGACGCTCTTCCGATCT,CTTCATCTTA,CGGACCATAC,Anilios_hamatus_R136277
Anilios_howi_R146381_353978,/home/putter/SqCL_Pipeline/blindsnake/Anilios_howi_R146381_353978_R1_concat.fastq.gz,/home/putter/SqCL_Pipeline/blindsnake/Anilios_howi_R146381_353978_R2_concat.fastq.gz,GATCGGAAGAGCACACGTCTGAACTCCAGTCAC*ATCTCGTATGCCGTCTTCTGCTTG,AATGATACGGCGACCACCGAGATCTACAC*ACACTCTTTCCCTACACGACGCTCTTCCGATCT,TGGCCGGGAT,CCCAGTCATC,Anilios_howi_R146381
Anilios_grypus_J93607_353979,/home/putter/SqCL_Pipeline/blindsnake/Anilios_grypus_J93607_353979_R1_concat.fastq.gz,/home/putter/SqCL_Pipeline/blindsnake/Anilios_grypus_J93607_353979_R2_concat.fastq.gz,GATCGGAAGAGCACACGTCTGAACTCCAGTCAC*ATCTCGTATGCCGTCTTCTGCTTG,AATGATACGGCGACCACCGAGATCTACAC*ACACTCTTTCCCTACACGACGCTCTTCCGATCT,ACGGGTGAGC,GTACGGAAAC,Anilios_grypus_J93607
Anilios_diversus_R157402_353980,/home/putter/SqCL_Pipeline/blindsnake/Anilios_diversus_R157402_353980_R1_concat.fastq.gz,/home/putter/SqCL_Pipeline/blindsnake/Anilios_diversus_R157402_353980_R2_concat.fastq.gz,GATCGGAAGAGCACACGTCTGAACTCCAGTCAC*ATCTCGTATGCCGTCTTCTGCTTG,AATGATACGGCGACCACCGAGATCTACAC*ACACTCTTTCCCTACACGACGCTCTTCCGATCT,ATTGTGAATA,CGAACATATA,Anilios_diversus_R157402
Anilios_silvia_J77029_353981,/home/putter/SqCL_Pipeline/blindsnake/Anilios_silvia_J77029_353981_R1_concat.fastq.gz,/home/putter/SqCL_Pipeline/blindsnake/Anilios_silvia_J77029_353981_R2_concat.fastq.gz,GATCGGAAGAGCACACGTCTGAACTCCAGTCAC*ATCTCGTATGCCGTCTTCTGCTTG,AATGATACGGCGACCACCGAGATCTACAC*ACACTCTTTCCCTACACGACGCTCTTCCGATCT,CATACGGCAT,AACACCTTGC,Anilios_silvia_J77029
Anilios_affinis_J93635_353982,/home/putter/SqCL_Pipeline/blindsnake/Anilios_affinis_J93635_353982_R1_concat.fastq.gz,/home/putter/SqCL_Pipeline/blindsnake/Anilios_affinis_J93635_353982_R2_concat.fastq.gz,GATCGGAAGAGCACACGTCTGAACTCCAGTCAC*ATCTCGTATGCCGTCTTCTGCTTG,AATGATACGGCGACCACCGAGATCTACAC*ACACTCTTTCCCTACACGACGCTCTTCCGATCT,AAACGCACAC,AACGGCACAG,Anilios_affinis_J93635
Anilios_nigrescens_R146228_353983,/home/putter/SqCL_Pipeline/blindsnake/Anilios_nigrescens_R146228_353983_R1_concat.fastq.gz,/home/putter/SqCL_Pipeline/blindsnake/Anilios_nigrescens_R146228_353983_R2_concat.fastq.gz,GATCGGAAGAGCACACGTCTGAACTCCAGTCAC*ATCTCGTATGCCGTCTTCTGCTTG,AATGATACGGCGACCACCGAGATCTACAC*ACACTCTTTCCCTACACGACGCTCTTCCGATCT,TAATAAGCGA,GTTGATTGCT,Anilios_nigrescens_R146228
Anilios_silvia_J82203_353984,/home/putter/SqCL_Pipeline/blindsnake/Anilios_silvia_J82203_353984_R1_concat.fastq.gz,/home/putter/SqCL_Pipeline/blindsnake/Anilios_silvia_J82203_353984_R2_concat.fastq.gz,GATCGGAAGAGCACACGTCTGAACTCCAGTCAC*ATCTCGTATGCCGTCTTCTGCTTG,AATGATACGGCGACCACCGAGATCTACAC*ACACTCTTTCCCTACACGACGCTCTTCCGATCT,ACAACCAGCT,TCATCGTACG,Anilios_silvia_J82203
Anilios_kimberleyensis_R179997_353985,/home/putter/SqCL_Pipeline/blindsnake/Anilios_kimberleyensis_R179997_353985_R1_concat.fastq.gz,/home/putter/SqCL_Pipeline/blindsnake/Anilios_kimberleyensis_R179997_353985_R2_concat.fastq.gz,GATCGGAAGAGCACACGTCTGAACTCCAGTCAC*ATCTCGTATGCCGTCTTCTGCTTG,AATGATACGGCGACCACCGAGATCTACAC*ACACTCTTTCCCTACACGACGCTCTTCCGATCT,CAAGATCTGT,TCTACGTTTA,Anilios_kimberleyensis_R179997
Anilios_nigrescens_R157050_353986,/home/putter/SqCL_Pipeline/blindsnake/Anilios_nigrescens_R157050_353986_R1_concat.fastq.gz,/home/putter/SqCL_Pipeline/blindsnake/Anilios_nigrescens_R157050_353986_R2_concat.fastq.gz,GATCGGAAGAGCACACGTCTGAACTCCAGTCAC*ATCTCGTATGCCGTCTTCTGCTTG,AATGATACGGCGACCACCGAGATCTACAC*ACACTCTTTCCCTACACGACGCTCTTCCGATCT,CTTCTCGCTG,GCTAACCCAT,Anilios_nigrescens_R157050
Anilios_yirrikalae_J85695_353987,/home/putter/SqCL_Pipeline/blindsnake/Anilios_yirrikalae_J85695_353987_R1_concat.fastq.gz,/home/putter/SqCL_Pipeline/blindsnake/Anilios_yirrikalae_J85695_353987_R2_concat.fastq.gz,GATCGGAAGAGCACACGTCTGAACTCCAGTCAC*ATCTCGTATGCCGTCTTCTGCTTG,AATGATACGGCGACCACCGAGATCTACAC*ACACTCTTTCCCTACACGACGCTCTTCCGATCT,AGGGACAAGG,ACGGAGCAGG,Anilios_yirrikalae_J85695
Anilios_unguirostris_R180002_353988,/home/putter/SqCL_Pipeline/blindsnake/Anilios_unguirostris_R180002_353988_R1_concat.fastq.gz,/home/putter/SqCL_Pipeline/blindsnake/Anilios_unguirostris_R180002_353988_R2_concat.fastq.gz,GATCGGAAGAGCACACGTCTGAACTCCAGTCAC*ATCTCGTATGCCGTCTTCTGCTTG,AATGATACGGCGACCACCGAGATCTACAC*ACACTCTTTCCCTACACGACGCTCTTCCGATCT,CGAAACATGA,TGCTCGCATG,Anilios_unguirostris_R180002
Anilios_waitii_R110246_353989,/home/putter/SqCL_Pipeline/blindsnake/Anilios_waitii_R110246_353989_R1_concat.fastq.gz,/home/putter/SqCL_Pipeline/blindsnake/Anilios_waitii_R110246_353989_R2_concat.fastq.gz,GATCGGAAGAGCACACGTCTGAACTCCAGTCAC*ATCTCGTATGCCGTCTTCTGCTTG,AATGATACGGCGACCACCGAGATCTACAC*ACACTCTTTCCCTACACGACGCTCTTCCGATCT,CATGAACTTA,CTAAATCGAT,Anilios_waitii_R110246
Anilios_broomi_J85788_353990,/home/putter/SqCL_Pipeline/blindsnake/Anilios_broomi_J85788_353990_R1_concat.fastq.gz,/home/putter/SqCL_Pipeline/blindsnake/Anilios_broomi_J85788_353990_R2_concat.fastq.gz,GATCGGAAGAGCACACGTCTGAACTCCAGTCAC*ATCTCGTATGCCGTCTTCTGCTTG,AATGATACGGCGACCACCGAGATCTACAC*ACACTCTTTCCCTACACGACGCTCTTCCGATCT,CCCTGACCCT,TGGTATGCAC,Anilios_broomi_J85788
Anilios_ligatus_R35014_353991,/home/putter/SqCL_Pipeline/blindsnake/Anilios_ligatus_R35014_353991_R1_concat.fastq.gz,/home/putter/SqCL_Pipeline/blindsnake/Anilios_ligatus_R35014_353991_R2_concat.fastq.gz,GATCGGAAGAGCACACGTCTGAACTCCAGTCAC*ATCTCGTATGCCGTCTTCTGCTTG,AATGATACGGCGACCACCGAGATCTACAC*ACACTCTTTCCCTACACGACGCTCTTCCGATCT,CCGCGTTGAC,ACAGATATGA,Anilios_ligatus_R35014
Anilios_australis_R115859_353992,/home/putter/SqCL_Pipeline/blindsnake/Anilios_australis_R115859_353992_R1_concat.fastq.gz,/home/putter/SqCL_Pipeline/blindsnake/Anilios_australis_R115859_353992_R2_concat.fastq.gz,GATCGGAAGAGCACACGTCTGAACTCCAGTCAC*ATCTCGTATGCCGTCTTCTGCTTG,AATGATACGGCGACCACCGAGATCTACAC*ACACTCTTTCCCTACACGACGCTCTTCCGATCT,TACTGCTCTG,AGCAGCTACA,Anilios_australis_R115859
Anilios_leucoproctus_J87198_353993,/home/putter/SqCL_Pipeline/blindsnake/Anilios_leucoproctus_J87198_353993_R1_concat.fastq.gz,/home/putter/SqCL_Pipeline/blindsnake/Anilios_leucoproctus_J87198_353993_R2_concat.fastq.gz,GATCGGAAGAGCACACGTCTGAACTCCAGTCAC*ATCTCGTATGCCGTCTTCTGCTTG,AATGATACGGCGACCACCGAGATCTACAC*ACACTCTTTCCCTACACGACGCTCTTCCGATCT,GCACTCAGCT,ACACCGATTG,Anilios_leucoproctus_J87198
Anilios_margaretae_R67495_353994,/home/putter/SqCL_Pipeline/blindsnake/Anilios_margaretae_R67495_353994_R1_concat.fastq.gz,/home/putter/SqCL_Pipeline/blindsnake/Anilios_margaretae_R67495_353994_R2_concat.fastq.gz,GATCGGAAGAGCACACGTCTGAACTCCAGTCAC*ATCTCGTATGCCGTCTTCTGCTTG,AATGATACGGCGACCACCGAGATCTACAC*ACACTCTTTCCCTACACGACGCTCTTCCGATCT,AGAGAAATAT,CGCCTTGAAT,Anilios_margaretae_R67495